movie_id,title,genres
1000000,Teenage Sex and Death at Camp Miasma (2026),Comedy|Horror
1000001,Rosebush Pruning (2026),Drama|Thriller
1000002,Pulp: What Do You Do for an Encore? (2026),Musical|Documentary
1000003,Amores Perros (2000),Drama|Thriller|Crime
1000004,The Fall (2006),Drama|Fantasy
1000005,Linda Linda Linda (2005),Comedy|Drama|Musical
1000006,The Non-Actor (2025),Drama
1000007,Bouchra (2025),Animation
1000008,Perfect Days (2023),Drama
1000009,La Mesías (2023),Thriller
1000010,The Human Condition III: A Soldier's Prayer (1961),Drama|War
1000011,Come and See (1985),War|Drama
1000012,High and Low (1963),Thriller|Crime|Drama
1000013,The Human Condition I: No Greater Love (1959),War|Drama
1000014,City of God (2002),Drama|Crime
1000015,The Lord of the Rings: The Return of the King (2003),Action|Fantasy|Adventure
1000016,Yi Yi (2000),Drama
1000017,Ikiru (1952),Drama
1000018,Parasite (2019),Thriller|Comedy|Drama
1000020,Le Trou (1960),Drama|Crime|Thriller
1000021,The Dark Knight (2008),Thriller|Action|Crime
1000022,A Brighter Summer Day (1991),Crime|Drama|Romance
1000023,The Human Condition II: Road to Eternity (1959),Drama|War
1000024,Grave of the Fireflies (1988),Animation|War|Drama
1000025,Neon Genesis Evangelion: The End of Evangelion (1997),Fantasy|Animation|Action|Sci-Fi|Drama
1000026,The Battle of Algiers (1966),Drama|War
1000027,In the Mood for Love (2000),Romance|Drama
1000028,Fallen Angels (1995),Crime|Drama|Romance
1000029,Mulholland Drive (2001),Drama|Mystery|Thriller
1000030,Persona (1966),Drama
1000031,Parasite (2003),Action|Horror|Sci-Fi
1000032,Harakiri (1962),Drama|Action
1000033,Digger (2026),Drama|Comedy
1000034,Verity (2026),Mystery|Thriller
1000035,Other Mommy (2026),Thriller|Horror
1000036,Clayface (2026),Thriller|Horror|Sci-Fi
1000037,Forgotten Island (2026),Children's|Comedy|Animation|Fantasy|Adventure
1000038,The Social Reckoning (2026),Drama|Thriller
1000039,Your Mother Your Mother Your Mother (2026),Action|Crime|Drama
1000040,The Beast (2026),Action|Drama|Thriller
1000041,Angel and the Badman (2026),Action|Adventure|Romance
1000042,Premada Oorali (2026),Drama|Children's|Musical
1000043,Huan ying lai Long can guan (2026),Drama|War
1000044,California Schemin' (2025),Drama
1000045,A Prayer for the Dying (2026),Drama|Western
1000046,World Without Cows (2024),Documentary
1000047,André Leon Talley: Style Is Forever (2026),Documentary
1000048,Fresh Meat (2026),Horror
1000049,Jailer 2 (2026),Action|Comedy|Crime
1000050,You Can See Everything (2026),Documentary
1000051,Sense and Sensibility (2026),Drama|Romance
1000052,Street Fighter (2026),Action
1000053,You Can't Leave (2026),Action|Horror|Thriller
1000054,Crawlers (2026),Horror|Thriller
1000055,Musk (2026),Documentary
1000056,"Trust Me, I'm a Doctor (2026)",Comedy|Drama
1000057,The Trial of Alec Baldwin (2025),Documentary|Crime
1000058,Tazza 4 (2026),Action|Crime|Drama
1000059,Prahaar: The Untold Story of Ujjwal Nikam (2026),Crime|Drama
1000060,Ranabaali (2026),Action|Drama
1000061,Flywheel: Ignition of the Soul (2026),Drama
1000062,Fjord (2026),Drama|Thriller
1000063,Wildwood (2026),Animation|Adventure|Fantasy
1000064,Klara and the Sun (2026),Sci-Fi
1000065,Ali G: Who Iz I? (2026),Comedy
1000066,Little Thomas (2024),Comedy|Drama|Children's
1000067,En el camino (2025),Drama|Romance|Thriller
1000068,Bez konca (2026),Documentary|Crime|Children's
1000069,Wicker (2026),Comedy|Drama|Fantasy
1000070,The Mongoose (2026),Action|Thriller
1000071,Christmas at the Kringles (2026),Action|Comedy|Horror
1000072,Queen at Sea (2026),Drama|Thriller
1000073,Everest: The Other Side (2026),Documentary
1000074,The Canvas (2026),Horror
1000075,The King of Cannabis (2026),Action
1000076,Sight & Sound Presents: JOSHUA Live! (2026),Drama|Children's|Musical
1000077,Paging Hezbollah (2026),Documentary
1000078,Paging Hazbollah (2026),Documentary
1000079,Holy Father (2026),Horror
1000080,Sárkányok Kabul felett (2025),Action
1000081,The Last Temptation of Becky (2026),Action|Comedy|Horror
1000082,The One (2026),Drama|Children's
1000083,Godzilla Minus Zero (2026),Action|Drama|Horror
1000084,Wild Horse Nine (2026),Action|Comedy|Crime
1000085,Ramayana Part 1 (2026),Action|Adventure|Drama
1000086,The Cat in the Hat (2026),Animation|Adventure|Comedy
1000087,Drummer Boy (2026),Children's|Musical|Romance
1000088,Jimmy (2026),Drama
1000089,Paradise Lost (2026),Drama|Mystery|Sci-Fi
1000090,New Group (2025),Fantasy|Horror
1000091,Trại Buôn Người (2026),Action|Drama
1000092,Án Mạng Xém Hoàn Hảo (2026),Comedy|Drama
1000093,Death Whisperer: Saming the Werebeast (2026),Horror|Action|Comedy
1000094,Chị Chị Em Em 3 (2026),Drama|Romance
1000095,Án Mạng Karaoke (2026),Horror
1000096,Henry's First Date (2026),Romance|Comedy
1000097,Rukku bakku (2026),Drama
1000098,The Dresden Sun (2026),Action|Sci-Fi|Thriller
1000099,Still Shining (2026),Drama
1000100,Cá Voi Nuốt Chửng (2026),Drama|Thriller
1000101,Pháo Hoa Lúc Bình Minh (2026),Animation
1000102,Borderline (2026),Action|Thriller
1000103,In-I in Motion (2025),Documentary
1000104,The Islander (2026),Action|Adventure|Drama
1000105,Luntik. Obratinaya storona Luni (2026),Animation|Action|Adventure
1000106,Bóng Quỷ (2026),Horror|Romance|Sci-Fi
1000107,Nunduldega eomne (2026),Drama|Children's
1000108,ChaO (2025),Animation|Comedy|Fantasy
1000109,Mieruko-chan (2025),Comedy|Fantasy|Horror
1000110,DarkGame (2024),Horror|Thriller
1000111,Trái Tim Quái Thú (2026),Action|Adventure|Drama
1000112,"Brunello, il visionario garbato (2025)",Documentary
1000113,"Nanji, boshi no gotoku (2026)",Romance
1000114,Sanguine (2026),Comedy|Horror|Sci-Fi
1000115,Bajo tus pies (2025),Drama|Horror|Mystery
1000116,Final Interview (2026),Drama|Mystery|Thriller
1000117,Doko Yori mo Tooi Basho ni Iru Kimi e (2026),Animation
1000118,Girls und Panzer das Finale: Part V (2026),Animation|Action|Comedy
1000119,Always Lalisa (2026),Documentary|Musical
1000120,Rascal Does Not Dream of a Dear Friend (2026),Animation
1000121,Mentor (2026),Drama|Thriller
1000122,BanG Dream! Ave Mujica: prima aurora (2026),Animation|Drama|Musical
1000123,Shaun the Sheep: ''Quái Lạ'' Ghé Nhà (2026),Animation|Adventure|Comedy
1000124,Ganeunghan sarang (2026),Drama|Romance
1000125,Bad Lieutenant: Tokyo (2026),Crime|Mystery|Thriller
1000126,Made in Abyss: Mezameru Shinpi (2026),Animation|Adventure|Fantasy
1000127,Đại Ca Ha Ha Ha (2025),Action|Comedy
1000128,Jin xing qu (2025),Drama
1000129,Naza (2026),Documentary|War
1000130,Lầu Chú Hỏa (2026),Horror
1000131,Grotesqqque (2026),Animation|Sci-Fi
1000132,Minotaur (2026),Crime|Drama|Thriller
1000133,Le corset (2026),Animation|Drama|Children's
1000134,Les misérables (2026),Action|Drama
1000135,"Mochy, le chien le plus moche du monde (2026)",Animation|Adventure|Comedy
1000136,Solomamma (2025),Comedy|Drama
1000137,Geunyeoga doraon nal (2026),Drama
1000138,Qui vit encore (2025),Documentary
1000139,Il était une fois le printemps (2026),Drama
1000140,Petite Casbah (2026),Animation|Children's
1000141,Buddy (2026),Fantasy|Horror|Thriller
1000142,La Gradiva (2026),Drama
1000143,Le roi du game (2026),Comedy
1000144,Karma (2026),Drama|Mystery|Thriller
1000145,Une femme aujourd'hui (2026),Comedy|Drama
1000146,Vùng Tử Địa (2026),Action|Horror
1000147,Moulin (2026),Drama
1000148,Le fantôme de l'opéra (2026),Fantasy|Horror
1000149,Quelques mots d'amour (2026),Comedy|Drama
1000150,La gioia (2025),Drama
1000151,"Always Yours, Never Mine (2026)",Drama|Romance
1000152,Ghost Soldier (2026),Action|Thriller
1000153,Club Kid (2026),Comedy|Drama
1000154,L'affaire Marie-Claire (2026),Drama
1000155,The Arab (2026),Crime|Drama
1000156,Kwibuka (se souvenir) (2025),Drama
1000157,Carlo Acutis: Roadmap to Reality (2025),Documentary
1000158,Nos âmes libres (2026),Documentary
1000159,Ma toute petite école (2026),Documentary
1000160,The Uprising (2026),Action|Drama
1000161,The Yellow Tie (2025),Adventure|Drama
1000162,De la Comédie-Française (2026),Comedy
1000163,The Influencer Project (2026),Horror
1000164,Breeder (2026),Horror|Thriller
1000165,Dossier 137 (2025),Crime|Drama
1000166,Winter of the Crow (2025),Crime|Drama
1000167,Fatherland (2026),Drama
1000168,Ghosts: The Possession of Button House (2026),Comedy|Fantasy
1000169,Monster Mia (2026),Animation|Adventure|Comedy
1000170,Children of the Wicker Man (2024),Documentary
1000171,Primetime (2026),Crime|Drama
1000172,I Love Boosters (2026),Adventure|Comedy|Crime
1000173,Animol (2026),Crime|Drama|Thriller
1000174,Bad Day at the Office (2026),Action|Thriller
1000175,In the Shadows (2026),Drama
1000176,Shen tan zhi hen ji (2026),Crime|Drama|Thriller
1000177,George Michael: The Faith Tour (2026),Documentary|Musical
1000178,La bola negra (2026),Drama|Romance
1000179,Merry Christmas Aubrey Flint (2026),Comedy|Drama
1000180,Onwards and Sideways (2026),Comedy|Drama
1000181,Manipulation (2026),Drama|Thriller
1000182,Avengers: Endgame (2019),Action|Adventure
1000183,Út Lan 2 (2026),Horror
1000184,Resident Evil (2026),Horror
1000185,Insidious: Out of the Further (2026),Horror
1000186,The Odyssey (2026),Adventure|Fantasy
1000187,PAW Patrol: The Dino Movie (2026),Animation|Children's|Adventure
1000188,Practical Magic 2 (2026),Fantasy|Romance
1000189,Spider-Man: Brand New Day (2026),Action|Adventure
1000190,Toy Story 5 (2026),Animation|Children's|Comedy
1000191,The Weight (2026),Thriller|Drama|Crime
1000192,Avengers: Doomsday (2026),Action|Adventure
1000193,Dune: Part Three (2026),Sci-Fi
1000194,Pressure (2026),Thriller
1000195,La maison de nos rêves (2026),Comedy
1000196,Ducobu et le fantôme de Saint-Potache (2026),Comedy
1000197,Garance (2026),Drama
1000198,Cars (2006),Animation|Comedy
1000199,Obsession (2025),Horror
1000200,Joyeuse Jungle ! (2026),Animation
1000201,Chiikawa the Movie: The Secret of the Mermaid Island (2026),Animation
